order_id,user_id,restaurant_id,order_date,order_status,delivery_time,total_price
1,11867,3001321,24-01-2023 00:00,DELIVERED,24-01-2023 00:34,24.31
2,11867,3001321,30-09-2023 00:00,DELIVERED,30-09-2023 00:51,85.3
3,11867,3000021,31-10-2024 00:00,DELIVERED,31-10-2024 00:47,46.87
4,11867,18260777,31-10-2024 00:00,DELIVERED,31-10-2024 00:56,52.49
5,11867,3000122,17-03-2023 00:00,DELIVERED,17-03-2023 00:33,94.36
6,11867,3000122,31-10-2024 00:00,CANCELLED_BY_USER,31-10-2024 00:55,125.47
7,11867,3000132,08-03-2024 00:00,DELIVERED,08-03-2024 00:53,102.55
8,11867,3000132,31-10-2024 00:00,DELIVERED,31-10-2024 00:32,88.79
9,11867,3000122,08-04-2023 00:00,DELIVERED,08-04-2023 00:29,47.69
10,11867,3000122,31-10-2024 00:00,DELIVERED,31-10-2024 00:55,117.35
11,11867,3001321,31-10-2024 00:00,DELIVERED,31-10-2024 00:51,89.87
12,11867,18260777,31-10-2024 00:00,DELIVERED,31-10-2024 01:05,131.95
13,11867,18280306,14-01-2024 00:00,DELIVERED,14-01-2024 00:52,174.58
14,11867,3000122,30-06-2022 00:00,DELIVERED,30-06-2022 00:38,76.3
15,11867,18260777,31-10-2024 00:00,DELIVERED,31-10-2024 01:04,110.32
16,11867,3000122,31-10-2024 00:00,DELIVERED,31-10-2024 00:38,95.18
17,11867,3000132,31-10-2024 00:00,CANCELLED_BY_USER,31-10-2024 00:54,64.54
18,11867,3000021,31-10-2024 00:00,DELIVERED,31-10-2024 00:33,76.16
19,11867,3000021,01-01-2024 00:00,DELIVERED,01-01-2024 00:49,48.19
20,11867,3001321,31-10-2024 00:00,DELIVERED,31-10-2024 01:03,93.01
21,11867,3001321,19-07-2023 00:00,CANCELLED_BY_USER,19-07-2023 00:24,74.15
22,11867,3000122,26-10-2023 00:00,DELIVERED,26-10-2023 00:56,73.83
23,11867,18280306,16-04-2023 00:00,DELIVERED,16-04-2023 00:38,15.42
24,11867,18260777,31-10-2024 00:00,DELIVERED,31-10-2024 01:00,82.23
25,11040,58268,01-02-2019 00:00,DELIVERED,01-02-2019 00:52,17.34
26,11040,51040,31-10-2024 00:00,DELIVERED,31-10-2024 00:30,71.92
27,6459,18273640,31-10-2024 00:00,DELIVERED,31-10-2024 00:57,70.76
28,6459,18430598,31-10-2024 00:00,DELIVERED,31-10-2024 00:51,39.41
29,6459,17977755,31-10-2024 00:00,DELIVERED,31-10-2024 01:05,76.44
30,6459,301328,04-12-2021 00:00,DELIVERED,04-12-2021 00:44,301.74
31,6459,306410,31-10-2024 00:00,DELIVERED,31-10-2024 00:31,6.82
32,6459,18244555,31-10-2024 00:00,DELIVERED,31-10-2024 01:23,45.28
33,6459,307444,26-06-2024 00:00,CANCELLED_BY_DELIVERY_PARTNER,26-06-2024 00:49,142.86
34,6459,18356817,31-10-2024 00:00,DELIVERED,31-10-2024 00:35,143.29
35,6459,311272,31-10-2024 00:00,DELIVERED,31-10-2024 00:40,52.59
36,12644,20404,31-10-2024 00:00,DELIVERED,31-10-2024 00:48,89.49
37,12644,20002,08-12-2020 00:00,CANCELLED_BY_DELIVERY_PARTNER,08-12-2020 00:43,89.15
38,12644,20404,27-12-2020 00:00,CANCELLED_BY_USER,27-12-2020 00:46,8.18
39,12644,20404,09-03-2023 00:00,DELIVERED,09-03-2023 00:51,42.96
40,12644,18249144,21-05-2021 00:00,CANCELLED_BY_DELIVERY_PARTNER,21-05-2021 00:37,44.54
41,12644,20350,14-05-2024 00:00,CANCELLED_BY_USER,14-05-2024 00:49,11.27
42,12644,18249144,31-10-2024 00:00,DELIVERED,31-10-2024 01:02,44.64
43,12644,18217475,12-07-2022 00:00,DELIVERED,12-07-2022 00:54,154.86
44,12644,20747,31-10-2024 00:00,DELIVERED,31-10-2024 00:59,123.83
45,12644,20002,20-06-2021 00:00,DELIVERED,20-06-2021 00:59,69.28
46,12644,20350,31-10-2024 00:00,DELIVERED,31-10-2024 00:38,221.66
47,12644,20747,31-10-2024 00:00,CANCELLED_BY_USER,31-10-2024 00:54,89.79
48,12644,25587,11-09-2024 00:00,DELIVERED,11-09-2024 01:01,14.99
49,12644,18217475,31-10-2024 00:00,DELIVERED,31-10-2024 00:41,49.46
50,12644,20350,09-02-2024 00:00,DELIVERED,09-02-2024 00:44,24.99
51,209,3001321,31-10-2024 00:00,DELIVERED,31-10-2024 01:08,82.67
52,209,3001321,20-12-2023 00:00,DELIVERED,20-12-2023 01:02,38.83
53,209,3000021,31-10-2024 00:00,DELIVERED,31-10-2024 00:41,126.29
54,12197,18424018,05-01-2023 00:00,DELIVERED,05-01-2023 00:26,74.85
55,12197,18424018,04-02-2019 00:00,DELIVERED,04-02-2019 00:43,72.69
56,12197,18424018,31-10-2024 00:00,DELIVERED,31-10-2024 01:04,15
57,12197,18424018,31-10-2024 00:00,DELIVERED,31-10-2024 00:51,82.19
58,12197,18424018,24-01-2021 00:00,DELIVERED,24-01-2021 00:45,28.78
59,12197,18424018,08-01-2024 00:00,DELIVERED,08-01-2024 00:35,139.03
60,12197,18424018,18-10-2017 00:00,DELIVERED,18-10-2017 00:45,5.64
61,12197,18424018,31-03-2020 00:00,DELIVERED,31-03-2020 01:22,78.6
62,12197,18424018,11-06-2022 00:00,CANCELLED_BY_USER,11-06-2022 00:49,4.77
63,12197,18424018,05-01-2018 00:00,CANCELLED_BY_USER,05-01-2018 01:08,50.37
64,12197,18424018,18-09-2021 00:00,DELIVERED,18-09-2021 01:07,65.42
65,12197,18424018,16-02-2023 00:00,DELIVERED,16-02-2023 00:59,95.38
66,12197,18424018,20-02-2019 00:00,DELIVERED,20-02-2019 00:42,37.39
67,12197,18424018,16-12-2019 00:00,CANCELLED_BY_USER,16-12-2019 01:14,153.94
68,12197,18424018,21-09-2018 00:00,DELIVERED,21-09-2018 00:33,129.19
69,12197,18424018,26-02-2021 00:00,DELIVERED,26-02-2021 00:41,9.54
70,12197,18424018,27-12-2020 00:00,CANCELLED_BY_USER,27-12-2020 01:00,65.59
71,12197,18424018,22-09-2020 00:00,DELIVERED,22-09-2020 01:07,68.83
72,5459,311338,17-09-2024 00:00,DELIVERED,17-09-2024 00:34,104.22
73,5459,4160,31-10-2024 00:00,DELIVERED,31-10-2024 00:27,13.58
74,5459,1701,04-08-2024 00:00,DELIVERED,04-08-2024 00:50,52.71
75,5459,18351053,31-10-2024 00:00,DELIVERED,31-10-2024 01:01,137.73
76,5459,18287405,31-10-2024 00:00,DELIVERED,31-10-2024 00:24,240.19
77,2108,3301169,31-10-2024 00:00,CANCELLED_BY_USER,31-10-2024 00:38,91.02
78,2108,3300949,09-12-2023 00:00,DELIVERED,09-12-2023 00:48,86.64
79,2108,3300369,31-10-2024 00:00,DELIVERED,31-10-2024 00:35,32.16
80,2108,3300061,27-07-2021 00:00,DELIVERED,27-07-2021 01:03,52.36
81,2108,3300107,13-01-2021 00:00,DELIVERED,13-01-2021 00:40,11.48
82,2108,3300061,08-05-2023 00:00,DELIVERED,08-05-2023 00:46,40.15
83,2108,3300107,31-10-2024 00:00,DELIVERED,31-10-2024 00:43,43.19
84,2108,3300107,31-10-2024 00:00,DELIVERED,31-10-2024 00:38,67.17
85,2108,3300107,19-02-2023 00:00,DELIVERED,19-02-2023 00:30,33.41
86,4752,1683,31-12-2021 00:00,DELIVERED,31-12-2021 00:56,69.17
87,4752,311523,22-11-2023 00:00,DELIVERED,22-11-2023 00:59,58.89
88,4752,311523,31-10-2024 00:00,DELIVERED,31-10-2024 01:00,11.86
89,4752,309702,08-03-2024 00:00,DELIVERED,08-03-2024 00:53,39.83
90,4752,18409175,30-10-2023 00:00,DELIVERED,30-10-2023 00:52,87.39
91,4752,1683,31-10-2024 00:00,DELIVERED,31-10-2024 00:37,9.29
92,4752,313502,31-10-2024 00:00,DELIVERED,31-10-2024 00:53,50.26
93,4752,311523,31-10-2024 00:00,DELIVERED,31-10-2024 00:50,51.22
94,4752,1683,09-04-2024 00:00,DELIVERED,09-04-2024 00:47,89.44
95,4752,3824,18-07-2021 00:00,CANCELLED_BY_RESTAURANT,18-07-2021 00:49,53.28
96,4752,313502,31-10-2024 00:00,CANCELLED_BY_RESTAURANT,31-10-2024 00:43,109.87
97,4752,1683,21-12-2023 00:00,DELIVERED,21-12-2023 00:25,62.87
98,4752,3824,31-10-2024 00:00,CANCELLED_BY_USER,31-10-2024 01:01,73.6
99,4752,309702,31-10-2024 00:00,CANCELLED_BY_RESTAURANT,31-10-2024 00:49,7.98
100,4752,8623,14-03-2021 00:00,CANCELLED_BY_RESTAURANT,14-03-2021 00:58,46.55
101,4752,309702,02-06-2023 00:00,DELIVERED,02-06-2023 00:50,193.4
102,4752,309702,09-08-2022 00:00,DELIVERED,09-08-2022 00:42,41.32
103,4752,313502,31-10-2024 00:00,DELIVERED,31-10-2024 00:41,61.91
104,4752,313502,16-01-2022 00:00,DELIVERED,16-01-2022 01:03,126.49
105,4752,311523,31-10-2024 00:00,DELIVERED,31-10-2024 00:20,96
106,847,73088,01-03-2022 00:00,DELIVERED,01-03-2022 01:14,79.21
107,847,70497,31-10-2024 00:00,DELIVERED,31-10-2024 01:02,118.22
108,847,70092,30-11-2022 00:00,DELIVERED,30-11-2022 01:06,98.01
109,847,69024,17-06-2022 00:00,DELIVERED,17-06-2022 00:55,56.56
110,847,70092,26-03-2021 00:00,CANCELLED_BY_RESTAURANT,26-03-2021 00:47,125.27
111,847,71443,01-06-2022 00:00,DELIVERED,01-06-2022 00:20,189.4
112,847,72475,31-10-2024 00:00,DELIVERED,31-10-2024 01:05,230.59
113,847,73279,01-03-2024 00:00,DELIVERED,01-03-2024 00:33,35.89
114,847,73088,19-06-2020 00:00,DELIVERED,19-06-2020 00:58,55.52
115,847,72497,31-10-2024 00:00,DELIVERED,31-10-2024 01:03,108.68
116,847,72475,15-06-2024 00:00,DELIVERED,15-06-2024 00:38,49.29
117,847,69951,23-02-2024 00:00,DELIVERED,23-02-2024 00:51,14.44
118,847,18423075,31-10-2024 00:00,DELIVERED,31-10-2024 00:54,69.71
119,847,70497,30-01-2022 00:00,DELIVERED,30-01-2022 01:10,176.05
120,847,70497,11-03-2021 00:00,DELIVERED,11-03-2021 00:36,39.23
121,847,70431,31-10-2024 00:00,CANCELLED_BY_USER,31-10-2024 01:04,180.97
122,847,70393,08-05-2023 00:00,DELIVERED,08-05-2023 00:24,112.23
123,847,72475,13-09-2018 00:00,DELIVERED,13-09-2018 00:31,209.83
124,847,73088,08-06-2019 00:00,CANCELLED_BY_RESTAURANT,08-06-2019 00:25,91.92
125,847,72475,09-06-2021 00:00,DELIVERED,09-06-2021 00:53,156.6
126,847,70393,21-11-2018 00:00,DELIVERED,21-11-2018 00:44,7.63
127,1587,5602751,11-04-2020 00:00,DELIVERED,11-04-2020 01:07,15.83
128,1587,5600556,04-04-2020 00:00,DELIVERED,04-04-2020 00:38,73.19
129,1587,5600424,27-11-2017 00:00,CANCELLED_BY_USER,27-11-2017 01:15,163.45
130,1587,5602586,22-10-2023 00:00,DELIVERED,22-10-2023 00:31,64.64
131,1587,18268134,03-07-2021 00:00,DELIVERED,03-07-2021 01:00,78.27
132,1587,5600959,31-10-2024 00:00,DELIVERED,31-10-2024 00:52,126.24
133,1587,5600556,26-12-2017 00:00,DELIVERED,26-12-2017 01:05,44.33
134,1587,5600103,27-07-2020 00:00,DELIVERED,27-07-2020 01:10,91.2
135,1587,5601521,27-08-2017 00:00,DELIVERED,27-08-2017 00:45,21.7
136,1587,5600959,28-01-2022 00:00,DELIVERED,28-01-2022 01:14,81.73
137,1587,5601404,31-10-2024 00:00,DELIVERED,31-10-2024 00:40,85.73
138,1587,5600556,22-05-2022 00:00,DELIVERED,22-05-2022 00:50,31.71
139,1587,5600424,25-01-2017 00:00,DELIVERED,25-01-2017 00:42,85.05
140,1587,5600959,03-09-2021 00:00,DELIVERED,03-09-2021 00:37,55.98
141,2709,18305628,31-10-2024 00:00,DELIVERED,31-10-2024 00:28,65.19
142,2709,58268,05-09-2024 00:00,DELIVERED,05-09-2024 00:51,100.2
143,2709,50943,07-02-2022 00:00,CANCELLED_BY_USER,07-02-2022 01:07,21.02
144,2709,18407918,30-07-2024 00:00,DELIVERED,30-07-2024 00:33,14.97
145,2709,51040,16-02-2024 00:00,CANCELLED_BY_USER,16-02-2024 00:38,97.05
146,2709,58268,15-02-2024 00:00,DELIVERED,15-02-2024 00:49,47.3
147,8821,3001321,22-03-2024 00:00,CANCELLED_BY_DELIVERY_PARTNER,22-03-2024 00:49,11.59
148,8821,3000021,31-10-2024 00:00,DELIVERED,31-10-2024 00:57,35.29
149,8821,3001321,25-12-2022 00:00,CANCELLED_BY_USER,25-12-2022 00:36,59.79
150,8821,3001321,31-10-2024 00:00,DELIVERED,31-10-2024 01:02,64.82
151,8821,3000122,31-10-2024 00:00,DELIVERED,31-10-2024 01:04,127.98
152,4495,103019,18-05-2024 00:00,DELIVERED,18-05-2024 00:50,81.68
153,4495,101311,26-10-2023 00:00,CANCELLED_BY_RESTAURANT,26-10-2023 01:03,74.64
154,4495,102504,23-10-2020 00:00,DELIVERED,23-10-2020 00:41,176.88
155,4495,102504,31-10-2024 00:00,CANCELLED_BY_DELIVERY_PARTNER,31-10-2024 00:53,78.14
156,4495,18209498,15-04-2021 00:00,CANCELLED_BY_USER,15-04-2021 00:33,122.25
157,4495,102504,31-10-2024 00:00,CANCELLED_BY_RESTAURANT,31-10-2024 00:42,60.99
158,4495,101259,12-08-2022 00:00,CANCELLED_BY_USER,12-08-2022 00:51,271.7
159,4495,102813,26-12-2021 00:00,DELIVERED,26-12-2021 00:45,86.49
160,4495,103019,19-02-2024 00:00,DELIVERED,19-02-2024 01:10,4.61
161,4495,101311,30-06-2020 00:00,CANCELLED_BY_USER,30-06-2020 00:49,12.99
162,4495,18209498,21-03-2020 00:00,DELIVERED,21-03-2020 00:43,136.84
163,4495,101212,31-10-2024 00:00,CANCELLED_BY_USER,31-10-2024 00:42,124.92
164,4495,101212,31-10-2024 00:00,CANCELLED_BY_RESTAURANT,31-10-2024 00:47,4.55
165,4495,101212,24-05-2021 00:00,CANCELLED_BY_USER,24-05-2021 01:01,96.83
166,4495,101311,31-10-2024 00:00,DELIVERED,31-10-2024 00:46,43.66
167,4495,103019,22-10-2020 00:00,CANCELLED_BY_USER,22-10-2020 01:11,51.42
168,4495,101212,12-11-2020 00:00,DELIVERED,12-11-2020 01:01,16.21
169,4495,101311,02-08-2022 00:00,DELIVERED,02-08-2022 01:01,50.15
170,4495,102531,31-10-2024 00:00,DELIVERED,31-10-2024 00:49,46.23
171,4495,101212,29-11-2021 00:00,DELIVERED,29-11-2021 00:55,134.53
172,4495,102531,22-10-2023 00:00,DELIVERED,22-10-2023 00:44,95.16
173,4495,102531,05-12-2020 00:00,DELIVERED,05-12-2020 00:53,91.45
174,8425,18424018,12-05-2022 00:00,CANCELLED_BY_USER,12-05-2022 00:50,218.2
175,8425,18424018,31-10-2024 00:00,DELIVERED,31-10-2024 01:01,25.99
176,8425,18424018,31-10-2024 00:00,DELIVERED,31-10-2024 00:55,43.23
177,8425,18424018,31-10-2024 00:00,DELIVERED,31-10-2024 01:02,5.66
178,8425,18424018,31-10-2024 00:00,DELIVERED,31-10-2024 00:54,116.2
179,8425,18424018,31-10-2024 00:00,DELIVERED,31-10-2024 01:08,62.1
180,8425,18424018,31-10-2024 00:00,DELIVERED,31-10-2024 00:38,127.28
181,8425,18424018,31-10-2024 00:00,CANCELLED_BY_USER,31-10-2024 01:04,28.31
182,8425,18424018,31-10-2024 00:00,DELIVERED,31-10-2024 00:29,75.38
183,8425,18424018,16-01-2023 00:00,CANCELLED_BY_USER,16-01-2023 00:55,38.28
184,8425,18424018,31-10-2024 00:00,DELIVERED,31-10-2024 00:41,9.15
185,8425,18424018,25-03-2022 00:00,DELIVERED,25-03-2022 01:08,70.48
186,8425,18424018,12-11-2021 00:00,DELIVERED,12-11-2021 00:24,41.77
187,8425,18424018,03-08-2023 00:00,DELIVERED,03-08-2023 00:54,68.42
188,8425,18424018,24-10-2021 00:00,DELIVERED,24-10-2021 00:26,140.83
189,8425,18424018,31-10-2024 00:00,DELIVERED,31-10-2024 00:54,57.21
190,8425,18424018,31-10-2024 00:00,DELIVERED,31-10-2024 00:46,231.5
191,8425,18424018,12-10-2024 00:00,DELIVERED,12-10-2024 00:39,7.65
192,8425,18424018,31-10-2024 00:00,DELIVERED,31-10-2024 00:36,46.01
193,8425,18424018,31-10-2024 00:00,DELIVERED,31-10-2024 00:20,17.81
194,8425,18424018,08-02-2022 00:00,DELIVERED,08-02-2022 00:56,43.41
195,8425,18424018,31-10-2024 00:00,CANCELLED_BY_USER,31-10-2024 00:48,25.87
196,8425,18424018,17-05-2023 00:00,DELIVERED,17-05-2023 00:49,12.58
197,7450,96814,18-11-2021 00:00,DELIVERED,18-11-2021 00:54,183.19
198,7450,96814,31-10-2024 00:00,DELIVERED,31-10-2024 00:43,22.39
199,7450,96814,03-01-2019 00:00,DELIVERED,03-01-2019 00:51,3.78
200,7450,96814,31-10-2024 00:00,DELIVERED,31-10-2024 00:51,21.68
201,7450,96814,27-06-2018 00:00,CANCELLED_BY_USER,27-06-2018 00:40,32.14
202,7450,96814,07-08-2023 00:00,DELIVERED,07-08-2023 01:16,16.54
203,5923,121214,31-10-2024 00:00,DELIVERED,31-10-2024 00:49,21.79
204,5923,122940,31-10-2024 00:00,DELIVERED,31-10-2024 00:46,106.03
205,5923,121425,31-10-2024 00:00,CANCELLED_BY_RESTAURANT,31-10-2024 01:05,32.03
206,5923,121214,31-10-2024 00:00,DELIVERED,31-10-2024 00:23,111.74
207,5923,122003,31-10-2024 00:00,DELIVERED,31-10-2024 00:44,172.06
208,5923,122003,31-10-2024 00:00,DELIVERED,31-10-2024 00:35,74.94
209,5923,122940,31-10-2024 00:00,DELIVERED,31-10-2024 01:10,218.35
210,5923,123010,31-10-2024 00:00,DELIVERED,31-10-2024 01:03,12.97
211,5923,121425,31-10-2024 00:00,DELIVERED,31-10-2024 00:37,201.25
212,5923,122064,31-10-2024 00:00,DELIVERED,31-10-2024 00:56,25.59
213,5923,121425,31-10-2024 00:00,DELIVERED,31-10-2024 01:06,155.45
214,5923,122064,31-10-2024 00:00,DELIVERED,31-10-2024 00:53,22.04
215,5923,122003,31-10-2024 00:00,DELIVERED,31-10-2024 00:39,202.7
216,5923,121425,20-12-2023 00:00,DELIVERED,20-12-2023 00:47,83.43
217,900,16527711,16-02-2021 00:00,CANCELLED_BY_USER,16-02-2021 00:29,8.13
218,900,18075122,22-01-2020 00:00,CANCELLED_BY_USER,22-01-2020 00:43,94.07
219,7299,123010,29-08-2019 00:00,DELIVERED,29-08-2019 00:43,106.88
220,7299,122064,01-01-2019 00:00,DELIVERED,01-01-2019 00:54,80.31
221,7299,123010,23-09-2018 00:00,DELIVERED,23-09-2018 01:20,52.27
222,7299,122064,18-07-2020 00:00,DELIVERED,18-07-2020 01:12,107.18
223,7299,122003,20-05-2018 00:00,DELIVERED,20-05-2018 01:16,22.68
224,7299,122064,31-12-2023 00:00,DELIVERED,31-12-2023 00:47,29.14
225,7299,121425,30-05-2019 00:00,DELIVERED,30-05-2019 00:48,23.52
226,8590,6508117,11-09-2024 00:00,DELIVERED,11-09-2024 00:41,47.99
227,8590,18292672,31-10-2024 00:00,DELIVERED,31-10-2024 00:37,57.03
228,8590,11371,08-02-2024 00:00,DELIVERED,08-02-2024 00:42,50.18
229,8590,11371,31-10-2024 00:00,DELIVERED,31-10-2024 01:02,78.05
230,8590,6506206,31-10-2024 00:00,CANCELLED_BY_DELIVERY_PARTNER,31-10-2024 00:47,72.44
231,8590,18378852,31-10-2024 00:00,CANCELLED_BY_USER,31-10-2024 01:00,9.69
232,8590,18378852,12-07-2024 00:00,DELIVERED,12-07-2024 01:26,71.61
233,8590,11371,31-10-2024 00:00,DELIVERED,31-10-2024 00:43,5.76
234,8590,6508117,31-10-2024 00:00,DELIVERED,31-10-2024 00:25,20.25
235,8590,6504409,31-10-2024 00:00,DELIVERED,31-10-2024 00:56,74
236,8590,18292672,31-10-2024 00:00,DELIVERED,31-10-2024 01:09,104.37
237,8590,18292672,31-10-2024 00:00,DELIVERED,31-10-2024 01:04,74.36
238,8590,18378852,31-10-2024 00:00,CANCELLED_BY_DELIVERY_PARTNER,31-10-2024 00:20,251.26
239,8590,18292672,20-10-2023 00:00,DELIVERED,20-10-2023 00:42,93.71
240,8590,6507967,11-02-2023 00:00,CANCELLED_BY_USER,11-02-2023 00:54,160.72
241,8590,6508117,31-10-2024 00:00,DELIVERED,31-10-2024 00:59,27.26
242,8590,6504409,31-10-2024 00:00,DELIVERED,31-10-2024 00:46,72.59
243,8590,6508117,31-10-2024 00:00,CANCELLED_BY_USER,31-10-2024 00:53,60.58
244,8590,18378852,31-10-2024 00:00,DELIVERED,31-10-2024 01:04,69.99
245,8590,6508117,31-10-2024 00:00,CANCELLED_BY_RESTAURANT,31-10-2024 00:23,32.82
246,302,50943,31-10-2024 00:00,DELIVERED,31-10-2024 01:05,29.13
247,302,18407918,31-10-2024 00:00,DELIVERED,31-10-2024 00:43,10.96
248,302,18305628,31-10-2024 00:00,DELIVERED,31-10-2024 00:53,87.45
249,302,50943,31-10-2024 00:00,DELIVERED,31-10-2024 00:53,12.82
250,3213,16527711,28-04-2020 00:00,CANCELLED_BY_USER,28-04-2020 01:11,82.82
251,3213,18075122,17-11-2020 00:00,DELIVERED,17-11-2020 00:57,124.82
252,3213,18270976,14-12-2022 00:00,DELIVERED,14-12-2022 00:58,95.77
253,3251,18280306,12-03-2022 00:00,DELIVERED,12-03-2022 00:46,86.3
254,3251,3001321,27-11-2023 00:00,DELIVERED,27-11-2023 00:37,86.04
255,3251,3000021,20-03-2024 00:00,DELIVERED,20-03-2024 00:46,92.62
256,3251,3001321,01-12-2019 00:00,DELIVERED,01-12-2019 00:56,32.32
257,3251,18280306,05-01-2020 00:00,DELIVERED,05-01-2020 01:02,64.41
258,3251,18260777,31-10-2024 00:00,CANCELLED_BY_USER,31-10-2024 00:39,152.76
259,3251,3001321,24-03-2018 00:00,DELIVERED,24-03-2018 00:57,5.72
260,3251,18260777,02-12-2022 00:00,DELIVERED,02-12-2022 01:01,87.09
261,3251,18260777,31-10-2024 00:00,DELIVERED,31-10-2024 00:38,44.24
262,3251,3000122,19-10-2024 00:00,CANCELLED_BY_USER,19-10-2024 00:56,112.63
263,3251,3000132,12-09-2024 00:00,CANCELLED_BY_USER,12-09-2024 00:53,117.92
264,3251,18260777,12-03-2024 00:00,CANCELLED_BY_USER,12-03-2024 00:27,112.39
265,3251,18280306,18-07-2022 00:00,DELIVERED,18-07-2022 00:25,20.4
266,3251,18260777,27-11-2023 00:00,DELIVERED,27-11-2023 00:28,21.55
267,3251,3000122,17-03-2022 00:00,DELIVERED,17-03-2022 00:52,23.26
268,3251,3000132,09-03-2023 00:00,DELIVERED,09-03-2023 00:58,61.17
269,13879,5701052,31-10-2024 00:00,DELIVERED,31-10-2024 00:35,23.27
270,13879,5704255,31-10-2024 00:00,DELIVERED,31-10-2024 00:44,172.98
271,13879,5700386,31-10-2024 00:00,CANCELLED_BY_RESTAURANT,31-10-2024 00:54,34.15
272,13879,5704255,21-09-2024 00:00,CANCELLED_BY_USER,21-09-2024 00:46,32.87
273,13879,5701548,04-06-2021 00:00,DELIVERED,04-06-2021 00:29,24.2
274,13879,18235425,27-01-2022 00:00,DELIVERED,27-01-2022 00:57,69.96
275,13879,5700052,31-10-2024 00:00,DELIVERED,31-10-2024 00:42,79.61
276,13879,5702418,31-10-2024 00:00,DELIVERED,31-10-2024 00:46,76.07
277,1006,3300707,31-10-2024 00:00,DELIVERED,31-10-2024 00:25,137.34
278,1006,3300107,31-10-2024 00:00,DELIVERED,31-10-2024 01:15,26.34
279,14269,96814,31-10-2024 00:00,DELIVERED,31-10-2024 01:01,40.75
280,4555,18381235,08-09-2024 00:00,DELIVERED,08-09-2024 00:32,24.58
281,4555,18289242,04-11-2018 00:00,DELIVERED,04-11-2018 00:20,25.56
282,6214,3300107,22-10-2023 00:00,DELIVERED,22-10-2023 00:54,88.73
283,6214,3300138,31-10-2024 00:00,CANCELLED_BY_USER,31-10-2024 00:59,124.22
284,6214,3300041,31-10-2024 00:00,DELIVERED,31-10-2024 01:20,16.35
285,6214,3300707,31-10-2024 00:00,DELIVERED,31-10-2024 00:50,64.37
286,6214,3300107,05-02-2023 00:00,DELIVERED,05-02-2023 01:15,62.92
287,2677,72497,08-02-2021 00:00,DELIVERED,08-02-2021 00:57,91.5
288,2677,72475,30-06-2023 00:00,CANCELLED_BY_USER,30-06-2023 01:03,38.95
289,2677,70431,24-01-2023 00:00,DELIVERED,24-01-2023 01:25,135.53
290,2677,73279,12-05-2024 00:00,CANCELLED_BY_RESTAURANT,12-05-2024 00:30,71.93
291,2677,72497,31-10-2024 00:00,CANCELLED_BY_RESTAURANT,31-10-2024 00:41,49.32
292,2677,70497,20-04-2021 00:00,DELIVERED,20-04-2021 00:48,137.01
293,2677,69024,18-12-2023 00:00,DELIVERED,18-12-2023 00:23,71.14
294,2677,73279,22-08-2024 00:00,CANCELLED_BY_DELIVERY_PARTNER,22-08-2024 01:05,51.49
295,2677,69024,27-06-2019 00:00,DELIVERED,27-06-2019 01:06,63.79
296,5119,3001321,13-05-2020 00:00,CANCELLED_BY_USER,13-05-2020 00:36,87.92
297,5119,3000132,07-12-2023 00:00,DELIVERED,07-12-2023 00:52,40.69
298,5119,18260777,21-03-2022 00:00,DELIVERED,21-03-2022 00:28,208.19
299,5119,3000132,15-11-2016 00:00,DELIVERED,15-11-2016 01:06,82.23
300,5119,3000122,21-02-2015 00:00,CANCELLED_BY_USER,21-02-2015 01:01,119.84
301,5119,3000132,11-02-2016 00:00,DELIVERED,11-02-2016 01:11,79.25
302,5119,3000021,21-03-2023 00:00,DELIVERED,21-03-2023 00:46,169.17
303,5119,3000122,07-10-2020 00:00,CANCELLED_BY_RESTAURANT,07-10-2020 00:45,134.45
304,5119,3000122,20-07-2016 00:00,DELIVERED,20-07-2016 00:55,71.88
305,5119,3001321,19-07-2015 00:00,CANCELLED_BY_USER,19-07-2015 00:34,5.06
306,5119,18260777,30-07-2016 00:00,DELIVERED,30-07-2016 00:47,58.29
307,5119,3000021,21-06-2018 00:00,DELIVERED,21-06-2018 00:56,59.93
308,5119,3001321,12-12-2015 00:00,CANCELLED_BY_USER,12-12-2015 00:46,55.86
309,5119,3001321,21-08-2018 00:00,DELIVERED,21-08-2018 00:50,8.97
310,11207,1318,10-07-2023 00:00,DELIVERED,10-07-2023 01:14,81.41
311,11207,3824,31-10-2024 00:00,CANCELLED_BY_USER,31-10-2024 01:03,4.3
312,11207,313502,03-01-2024 00:00,DELIVERED,03-01-2024 00:20,77.69
313,11207,313502,31-10-2024 00:00,DELIVERED,31-10-2024 00:30,28.78
314,11207,8623,31-10-2024 00:00,DELIVERED,31-10-2024 00:57,166.98
315,11207,17953902,31-10-2024 00:00,DELIVERED,31-10-2024 00:43,74.45
316,11207,2572,31-10-2024 00:00,DELIVERED,31-10-2024 00:47,82.92
317,11207,309702,31-10-2024 00:00,DELIVERED,31-10-2024 01:27,210.97
318,11207,17953902,31-10-2024 00:00,DELIVERED,31-10-2024 00:39,70.33
319,11207,313502,31-10-2024 00:00,DELIVERED,31-10-2024 00:56,75.45
320,11207,313502,31-10-2024 00:00,CANCELLED_BY_USER,31-10-2024 00:58,251.92
321,11207,18409175,31-10-2024 00:00,DELIVERED,31-10-2024 01:16,43.68
322,11207,1318,31-10-2024 00:00,DELIVERED,31-10-2024 00:53,107.79
323,11207,1683,19-07-2024 00:00,CANCELLED_BY_USER,19-07-2024 00:38,38.64
324,8055,102531,07-05-2019 00:00,DELIVERED,07-05-2019 00:54,88.91
325,8055,102531,28-08-2017 00:00,CANCELLED_BY_RESTAURANT,28-08-2017 00:45,116.96
326,8055,103019,14-10-2019 00:00,CANCELLED_BY_USER,14-10-2019 00:46,24.8
327,8055,102813,17-06-2016 00:00,DELIVERED,17-06-2016 01:04,160.21
328,8055,102867,09-04-2018 00:00,DELIVERED,09-04-2018 00:42,117.85
329,8055,103019,29-08-2020 00:00,CANCELLED_BY_USER,29-08-2020 00:33,25.95
330,8055,101259,18-07-2021 00:00,DELIVERED,18-07-2021 00:40,97.66
331,8055,101311,16-03-2024 00:00,DELIVERED,16-03-2024 00:46,71.43
332,8055,101311,14-04-2016 00:00,DELIVERED,14-04-2016 00:27,56.64
333,8055,101212,17-08-2016 00:00,DELIVERED,17-08-2016 00:58,83.67
334,8055,101212,05-09-2019 00:00,DELIVERED,05-09-2019 00:57,149.53
335,8055,102504,14-08-2024 00:00,DELIVERED,14-08-2024 00:53,52.87
336,8055,102867,13-02-2019 00:00,CANCELLED_BY_USER,13-02-2019 00:36,20.88
337,8055,102531,25-04-2021 00:00,DELIVERED,25-04-2021 00:36,82.26
338,8055,102813,04-04-2022 00:00,DELIVERED,04-04-2022 00:40,50.4
339,8055,102867,25-07-2019 00:00,CANCELLED_BY_USER,25-07-2019 00:50,15.07
340,8055,103019,25-11-2016 00:00,DELIVERED,25-11-2016 00:48,39.14
341,8055,102867,03-05-2022 00:00,DELIVERED,03-05-2022 00:47,45.39
342,8055,102504,06-12-2018 00:00,DELIVERED,06-12-2018 00:41,11.84
343,190,210134,31-10-2024 00:00,DELIVERED,31-10-2024 00:57,67.42
344,190,209654,21-02-2024 00:00,DELIVERED,21-02-2024 01:19,182.12
345,190,210139,31-10-2024 00:00,DELIVERED,31-10-2024 00:45,121.79
346,190,209654,03-06-2024 00:00,CANCELLED_BY_USER,03-06-2024 00:48,63.54
347,190,210139,27-10-2024 00:00,DELIVERED,27-10-2024 00:52,76.55
348,190,202507,31-10-2024 00:00,CANCELLED_BY_USER,31-10-2024 00:51,79.37
349,190,206488,31-10-2024 00:00,DELIVERED,31-10-2024 00:41,20.33
350,190,202507,31-10-2024 00:00,DELIVERED,31-10-2024 00:44,8.04
351,190,202507,31-10-2024 00:00,DELIVERED,31-10-2024 00:58,27.64
352,190,206488,31-10-2024 00:00,DELIVERED,31-10-2024 01:09,47.87
353,190,209654,31-10-2024 00:00,DELIVERED,31-10-2024 01:09,29.86
354,190,210134,13-09-2024 00:00,CANCELLED_BY_RESTAURANT,13-09-2024 01:05,51.57
355,190,206488,22-05-2023 00:00,DELIVERED,22-05-2023 00:38,29.15
356,190,210134,02-01-2024 00:00,DELIVERED,02-01-2024 00:58,86.73
357,190,208965,31-10-2024 00:00,DELIVERED,31-10-2024 01:22,28.03
358,190,210139,31-10-2024 00:00,DELIVERED,31-10-2024 00:42,32.07
359,190,208965,31-10-2024 00:00,DELIVERED,31-10-2024 01:08,121.94
360,190,209654,31-10-2024 00:00,CANCELLED_BY_DELIVERY_PARTNER,31-10-2024 00:54,107.39
361,190,209654,31-10-2024 00:00,CANCELLED_BY_USER,31-10-2024 00:39,30.27
362,190,206488,31-10-2024 00:00,DELIVERED,31-10-2024 01:20,45.09
363,190,208965,31-10-2024 00:00,DELIVERED,31-10-2024 01:02,61.91
364,7690,97824,31-10-2024 00:00,DELIVERED,31-10-2024 00:25,16.94
365,7690,90847,31-10-2024 00:00,CANCELLED_BY_USER,31-10-2024 00:42,14.7
366,7690,92577,31-10-2024 00:00,DELIVERED,31-10-2024 00:28,238.47
367,7690,90744,31-10-2024 00:00,DELIVERED,31-10-2024 01:03,24.22
368,7690,90847,23-02-2024 00:00,DELIVERED,23-02-2024 00:59,205.88
369,7690,93766,31-10-2024 00:00,DELIVERED,31-10-2024 00:54,99.85
370,7690,92577,26-12-2023 00:00,DELIVERED,26-12-2023 00:20,34.81
371,7690,92577,31-10-2024 00:00,DELIVERED,31-10-2024 00:53,90.54
372,7690,90744,08-11-2023 00:00,DELIVERED,08-11-2023 00:35,72.75
373,7690,97824,31-10-2024 00:00,CANCELLED_BY_USER,31-10-2024 01:00,9.2
374,7690,18280329,31-10-2024 00:00,DELIVERED,31-10-2024 00:50,31.46
375,7690,92577,31-10-2024 00:00,CANCELLED_BY_RESTAURANT,31-10-2024 00:59,27.88
376,7690,97824,31-10-2024 00:00,CANCELLED_BY_DELIVERY_PARTNER,31-10-2024 00:42,78.17
377,7690,92577,29-11-2022 00:00,DELIVERED,29-11-2022 00:49,137.36
378,7690,93766,31-10-2024 00:00,DELIVERED,31-10-2024 00:57,11.34
379,7690,90847,31-10-2024 00:00,DELIVERED,31-10-2024 00:48,13.68
380,7690,93766,05-02-2024 00:00,CANCELLED_BY_USER,05-02-2024 01:00,43.85
381,1572,20870,31-10-2024 00:00,DELIVERED,31-10-2024 00:53,101.21
382,1572,20404,31-10-2024 00:00,DELIVERED,31-10-2024 00:38,39.11
383,1572,18217475,31-10-2024 00:00,DELIVERED,31-10-2024 00:22,88.06
384,1572,20002,31-10-2024 00:00,DELIVERED,31-10-2024 00:38,149.25
385,1572,20870,31-10-2024 00:00,CANCELLED_BY_RESTAURANT,31-10-2024 00:47,15.42
386,1572,20404,31-10-2024 00:00,DELIVERED,31-10-2024 00:46,112.78
387,1572,20404,31-10-2024 00:00,DELIVERED,31-10-2024 01:02,31.89
388,1572,20747,31-10-2024 00:00,CANCELLED_BY_USER,31-10-2024 00:55,16.88
389,1572,20350,31-10-2024 00:00,DELIVERED,31-10-2024 01:00,126.53
390,1572,25587,31-10-2024 00:00,DELIVERED,31-10-2024 00:47,91.57
391,1572,18217475,31-10-2024 00:00,DELIVERED,31-10-2024 00:48,49.46
392,1572,20870,31-10-2024 00:00,DELIVERED,31-10-2024 00:57,105.48
393,9706,18423075,31-10-2024 00:00,DELIVERED,31-10-2024 01:05,97.12
394,9706,18423075,24-10-2024 00:00,DELIVERED,24-10-2024 00:58,120.21
395,6193,101259,04-08-2023 00:00,DELIVERED,04-08-2023 00:47,19.61
396,6193,18209498,02-01-2018 00:00,DELIVERED,02-01-2018 00:40,21.1
397,6193,103019,28-03-2022 00:00,DELIVERED,28-03-2022 00:52,48.94
398,6193,101311,14-10-2020 00:00,DELIVERED,14-10-2020 00:35,9.09
399,6193,102867,18-03-2020 00:00,CANCELLED_BY_USER,18-03-2020 00:54,53.48
400,6193,101311,26-03-2019 00:00,CANCELLED_BY_USER,26-03-2019 00:44,69.39
401,6193,101259,25-02-2024 00:00,CANCELLED_BY_USER,25-02-2024 00:28,9.5
402,6193,102867,13-08-2018 00:00,DELIVERED,13-08-2018 00:29,9.42
403,6193,18209498,24-01-2017 00:00,CANCELLED_BY_RESTAURANT,24-01-2017 01:05,80.06
404,6193,102867,22-05-2022 00:00,CANCELLED_BY_DELIVERY_PARTNER,22-05-2022 00:34,47.5
405,11253,18424018,31-10-2024 00:00,DELIVERED,31-10-2024 00:50,182.89
406,11253,18424018,31-10-2024 00:00,DELIVERED,31-10-2024 00:49,258.03
407,11253,18424018,31-10-2024 00:00,DELIVERED,31-10-2024 00:32,118.88
408,11253,18424018,31-10-2024 00:00,DELIVERED,31-10-2024 01:05,103.3
409,11253,18424018,31-08-2024 00:00,DELIVERED,31-08-2024 00:51,117
410,11253,18424018,31-10-2024 00:00,DELIVERED,31-10-2024 00:58,89.93
411,11253,18424018,31-10-2024 00:00,CANCELLED_BY_RESTAURANT,31-10-2024 01:16,98.15
412,11253,18424018,31-10-2024 00:00,DELIVERED,31-10-2024 01:02,104.83
413,11253,18424018,25-04-2024 00:00,DELIVERED,25-04-2024 00:52,190.82
414,11253,18424018,14-03-2023 00:00,CANCELLED_BY_RESTAURANT,14-03-2023 01:10,41.24
415,11253,18424018,31-10-2024 00:00,DELIVERED,31-10-2024 01:09,75.85
416,11253,18424018,31-10-2024 00:00,DELIVERED,31-10-2024 00:55,79.16
417,11253,18424018,12-08-2023 00:00,DELIVERED,12-08-2023 01:00,56.49
418,11253,18424018,23-11-2022 00:00,DELIVERED,23-11-2022 00:52,114.98
419,11253,18424018,15-04-2023 00:00,DELIVERED,15-04-2023 00:44,53.14
420,11253,18424018,31-10-2024 00:00,DELIVERED,31-10-2024 00:46,133.77
421,11253,18424018,31-10-2024 00:00,DELIVERED,31-10-2024 00:55,64.77
422,11253,18424018,31-10-2024 00:00,DELIVERED,31-10-2024 00:49,55.51
423,11253,18424018,31-10-2024 00:00,DELIVERED,31-10-2024 00:40,85.4
424,5763,101311,31-10-2024 00:00,DELIVERED,31-10-2024 01:02,63.93
425,5763,18209498,31-10-2024 00:00,DELIVERED,31-10-2024 00:45,24.24
426,5763,102813,02-02-2023 00:00,CANCELLED_BY_RESTAURANT,02-02-2023 00:48,93.51
427,5763,101212,23-07-2019 00:00,DELIVERED,23-07-2019 01:01,33.85
428,5763,103019,06-03-2024 00:00,DELIVERED,06-03-2024 01:01,7.65
429,1734,71443,31-10-2024 00:00,DELIVERED,31-10-2024 00:36,72.28
430,1734,72475,28-01-2018 00:00,DELIVERED,28-01-2018 00:30,14.34
431,1734,73088,07-07-2024 00:00,DELIVERED,07-07-2024 01:00,18.73
432,1734,69951,29-05-2022 00:00,DELIVERED,29-05-2022 01:11,48.52
433,11228,51040,10-06-2024 00:00,CANCELLED_BY_USER,10-06-2024 00:51,218.28
434,11228,50943,19-10-2020 00:00,DELIVERED,19-10-2020 00:39,63.68
435,11228,58268,31-10-2024 00:00,DELIVERED,31-10-2024 00:28,65.22
436,11228,58882,09-05-2022 00:00,DELIVERED,09-05-2022 01:08,88.09
437,11228,18221572,24-03-2019 00:00,DELIVERED,24-03-2019 00:43,45.74
438,11228,58268,25-03-2022 00:00,DELIVERED,25-03-2022 00:56,32.53
439,11228,51040,08-01-2018 00:00,CANCELLED_BY_USER,08-01-2018 00:40,38.87
440,11228,58882,12-03-2022 00:00,DELIVERED,12-03-2022 00:37,32.96
441,11228,50943,31-10-2024 00:00,CANCELLED_BY_USER,31-10-2024 00:51,25.02
442,11228,58882,21-06-2019 00:00,DELIVERED,21-06-2019 00:26,83.76
443,11228,58268,31-10-2024 00:00,DELIVERED,31-10-2024 00:42,193.76
444,11228,18221572,31-10-2024 00:00,DELIVERED,31-10-2024 00:35,64.25
445,11228,51040,02-11-2020 00:00,DELIVERED,02-11-2020 00:54,74.7
446,11228,58882,31-10-2024 00:00,DELIVERED,31-10-2024 00:50,79.05
447,11228,18221572,26-05-2022 00:00,DELIVERED,26-05-2022 00:53,13.05
448,11228,50943,28-03-2019 00:00,DELIVERED,28-03-2019 00:58,14.26
449,11228,50943,07-06-2018 00:00,DELIVERED,07-06-2018 00:40,32.02
450,11228,58882,08-09-2020 00:00,DELIVERED,08-09-2020 01:05,193.76
451,11228,18221572,31-10-2024 00:00,CANCELLED_BY_USER,31-10-2024 00:27,114.06
452,11228,58882,16-02-2022 00:00,DELIVERED,16-02-2022 01:00,99.62
453,11228,50943,31-10-2024 00:00,CANCELLED_BY_RESTAURANT,31-10-2024 00:33,219.8
454,11228,58882,29-08-2024 00:00,DELIVERED,29-08-2024 00:54,184.93
455,11228,18407918,10-04-2019 00:00,DELIVERED,10-04-2019 01:01,44.74
456,11228,51040,09-11-2018 00:00,DELIVERED,09-11-2018 01:24,54.74
457,4292,101259,31-10-2024 00:00,DELIVERED,31-10-2024 00:40,29.5
458,4292,102813,21-06-2024 00:00,DELIVERED,21-06-2024 00:56,9.51
459,4292,101311,11-05-2021 00:00,CANCELLED_BY_USER,11-05-2021 01:10,80.88
460,4292,101259,31-08-2022 00:00,DELIVERED,31-08-2022 00:39,85.82
461,4292,101884,26-08-2020 00:00,DELIVERED,26-08-2020 00:42,61.39
462,4292,101884,28-08-2020 00:00,CANCELLED_BY_USER,28-08-2020 00:34,10.85
463,4292,101884,31-10-2024 00:00,DELIVERED,31-10-2024 00:35,49.39
464,4292,18209498,31-10-2024 00:00,DELIVERED,31-10-2024 00:22,57.04
465,4292,103019,11-12-2023 00:00,DELIVERED,11-12-2023 00:51,12.09
466,4292,101259,23-09-2018 00:00,DELIVERED,23-09-2018 00:27,79.42
467,4292,18209498,16-12-2021 00:00,DELIVERED,16-12-2021 01:06,69.96
468,4292,101212,13-12-2021 00:00,CANCELLED_BY_USER,13-12-2021 00:39,62.35
469,4292,103019,04-03-2024 00:00,DELIVERED,04-03-2024 00:49,170.99
470,4292,101259,25-02-2022 00:00,DELIVERED,25-02-2022 00:34,89.43
471,4292,101259,25-06-2020 00:00,DELIVERED,25-06-2020 00:41,86.69
472,4292,18209498,31-10-2024 00:00,DELIVERED,31-10-2024 01:07,90.11
473,4292,18209498,31-10-2024 00:00,DELIVERED,31-10-2024 00:41,66.85
474,4292,102867,20-09-2023 00:00,DELIVERED,20-09-2023 01:11,21.9
475,4292,101311,31-10-2024 00:00,CANCELLED_BY_USER,31-10-2024 00:45,26.99
476,4292,101311,17-10-2018 00:00,CANCELLED_BY_USER,17-10-2018 00:41,90.8
477,4292,102813,20-05-2023 00:00,DELIVERED,20-05-2023 00:56,22.47
478,4292,102531,01-09-2022 00:00,DELIVERED,01-09-2022 01:04,37.98
479,4292,102504,30-01-2019 00:00,CANCELLED_BY_DELIVERY_PARTNER,30-01-2019 01:07,99.12
480,4292,101884,31-10-2024 00:00,DELIVERED,31-10-2024 01:06,34.78
481,14532,96814,30-08-2017 00:00,CANCELLED_BY_USER,30-08-2017 00:46,44.16
482,14532,96814,12-12-2018 00:00,DELIVERED,12-12-2018 00:57,31.55
483,14532,96814,10-06-2024 00:00,DELIVERED,10-06-2024 00:49,79.49
484,14532,96814,15-05-2021 00:00,DELIVERED,15-05-2021 00:32,54.04
485,14532,96814,04-11-2018 00:00,DELIVERED,04-11-2018 01:09,9.62
486,14532,96814,19-03-2021 00:00,CANCELLED_BY_RESTAURANT,19-03-2021 00:59,148.7
487,14532,96814,16-07-2018 00:00,DELIVERED,16-07-2018 00:47,29.31
488,14532,96814,11-07-2023 00:00,CANCELLED_BY_USER,11-07-2023 00:58,133.66
489,14532,96814,06-12-2016 00:00,DELIVERED,06-12-2016 00:27,76.64
490,14532,96814,12-01-2024 00:00,DELIVERED,12-01-2024 00:43,52.81
491,14532,96814,29-04-2022 00:00,DELIVERED,29-04-2022 01:06,60.08
492,14532,96814,30-01-2023 00:00,DELIVERED,30-01-2023 00:39,83.93
493,14532,96814,03-06-2023 00:00,DELIVERED,03-06-2023 01:06,39.54
494,6837,5600959,31-10-2024 00:00,CANCELLED_BY_USER,31-10-2024 01:09,123.65
495,6837,5600701,31-10-2024 00:00,DELIVERED,31-10-2024 00:26,41.84
496,14447,65413,31-10-2024 00:00,CANCELLED_BY_USER,31-10-2024 00:26,47.35
497,14447,70092,31-10-2024 00:00,DELIVERED,31-10-2024 01:04,25.54
498,14447,70393,22-04-2021 00:00,DELIVERED,22-04-2021 01:07,14.95
499,14447,72475,31-10-2024 00:00,DELIVERED,31-10-2024 01:02,49.86
500,14447,73088,22-12-2019 00:00,DELIVERED,22-12-2019 00:37,14.07
501,14447,72497,31-10-2024 00:00,DELIVERED,31-10-2024 00:51,10.75
502,14447,73088,23-08-2020 00:00,DELIVERED,23-08-2020 00:57,291.58
503,14447,73088,05-09-2020 00:00,DELIVERED,05-09-2020 00:49,109.61
504,14447,73088,31-10-2024 00:00,DELIVERED,31-10-2024 00:55,40.55
505,14447,73088,12-05-2020 00:00,DELIVERED,12-05-2020 00:55,27.37
506,14447,71443,31-10-2024 00:00,CANCELLED_BY_DELIVERY_PARTNER,31-10-2024 01:06,129.72
507,14447,70497,31-10-2024 00:00,DELIVERED,31-10-2024 00:58,87.15
508,14447,65413,22-04-2020 00:00,CANCELLED_BY_USER,22-04-2020 00:53,80.19
509,14447,72475,31-10-2024 00:00,DELIVERED,31-10-2024 00:48,27.22
510,14447,72497,30-05-2019 00:00,CANCELLED_BY_USER,30-05-2019 01:02,79.07
511,14447,18423075,10-03-2021 00:00,CANCELLED_BY_RESTAURANT,10-03-2021 00:45,32.26
512,14447,69024,24-04-2023 00:00,DELIVERED,24-04-2023 00:58,120.06
513,14447,69024,24-05-2021 00:00,DELIVERED,24-05-2021 00:39,483.22
514,14447,71443,03-08-2023 00:00,CANCELLED_BY_USER,03-08-2023 00:35,128.79
515,14447,70393,07-08-2022 00:00,DELIVERED,07-08-2022 00:24,154.06
516,14447,18423075,12-03-2021 00:00,DELIVERED,12-03-2021 01:05,71.34
517,14447,73088,05-03-2021 00:00,DELIVERED,05-03-2021 01:08,108.99
518,14447,72497,31-10-2024 00:00,DELIVERED,31-10-2024 00:20,141.49
519,13509,3001321,02-02-2019 00:00,DELIVERED,02-02-2019 00:53,87.91
520,13509,3000132,07-07-2018 00:00,CANCELLED_BY_USER,07-07-2018 01:13,66.06
521,13509,3000122,04-06-2018 00:00,DELIVERED,04-06-2018 01:14,138.35
522,13509,3000021,08-11-2022 00:00,CANCELLED_BY_DELIVERY_PARTNER,08-11-2022 00:48,10.76
523,13509,18260777,08-08-2023 00:00,DELIVERED,08-08-2023 00:31,88.96
524,13509,18260777,23-03-2023 00:00,DELIVERED,23-03-2023 00:20,23.56
525,13509,18280306,13-10-2020 00:00,DELIVERED,13-10-2020 01:02,107.15
526,13509,3000021,09-04-2019 00:00,DELIVERED,09-04-2019 00:44,13.7
527,13509,3000122,15-10-2023 00:00,CANCELLED_BY_RESTAURANT,15-10-2023 00:52,123.41
528,13509,3001321,05-07-2022 00:00,DELIVERED,05-07-2022 00:27,3.69
529,13509,3000132,15-11-2016 00:00,DELIVERED,15-11-2016 00:25,17.26
530,13509,18260777,20-12-2015 00:00,DELIVERED,20-12-2015 01:08,43.99
531,13509,18260777,05-04-2015 00:00,DELIVERED,05-04-2015 00:48,117.57
532,13509,18260777,17-07-2017 00:00,DELIVERED,17-07-2017 00:49,21.55
533,13509,3001321,14-04-2018 00:00,DELIVERED,14-04-2018 00:42,216.37
534,13509,18280306,01-03-2023 00:00,DELIVERED,01-03-2023 00:31,162
535,13509,3001321,07-05-2022 00:00,DELIVERED,07-05-2022 00:50,12.61
536,14173,18249144,31-10-2024 00:00,DELIVERED,31-10-2024 00:43,55.95
537,14173,20747,23-04-2022 00:00,DELIVERED,23-04-2022 00:57,69.47
538,14173,20747,31-10-2024 00:00,DELIVERED,31-10-2024 00:52,62.06
539,14173,18249144,09-12-2019 00:00,DELIVERED,09-12-2019 00:38,60.11
540,14173,20350,31-10-2024 00:00,DELIVERED,31-10-2024 01:02,48.88
541,14173,20747,09-10-2019 00:00,CANCELLED_BY_USER,09-10-2019 00:41,130.51
542,14173,20747,18-04-2024 00:00,DELIVERED,18-04-2024 00:54,238.14
543,14173,25587,31-05-2023 00:00,CANCELLED_BY_DELIVERY_PARTNER,31-05-2023 00:58,16.46
544,8453,2572,10-04-2018 00:00,DELIVERED,10-04-2018 00:43,34.39
545,8453,3824,31-10-2024 00:00,DELIVERED,31-10-2024 00:33,66.17
546,8453,1318,21-02-2019 00:00,DELIVERED,21-02-2019 00:57,17.59
547,8453,311523,09-08-2023 00:00,DELIVERED,09-08-2023 00:48,204.38
548,8453,313502,30-11-2020 00:00,DELIVERED,30-11-2020 00:34,18.32
549,8453,18409175,15-09-2023 00:00,CANCELLED_BY_USER,15-09-2023 00:31,81.98
550,8453,8623,25-11-2020 00:00,CANCELLED_BY_USER,25-11-2020 00:52,62.29
551,8453,8623,21-11-2016 00:00,DELIVERED,21-11-2016 00:44,105.78
552,8453,1683,06-02-2021 00:00,DELIVERED,06-02-2021 00:53,136.53
553,8453,18409175,20-11-2020 00:00,DELIVERED,20-11-2020 00:29,51.2
554,8453,1683,19-12-2022 00:00,DELIVERED,19-12-2022 00:41,218.26
555,8453,311523,29-03-2023 00:00,DELIVERED,29-03-2023 01:18,63.2
556,8453,3824,16-08-2020 00:00,DELIVERED,16-08-2020 01:03,127.05
557,8453,309702,24-05-2020 00:00,DELIVERED,24-05-2020 00:54,52.1
558,8453,313502,11-05-2024 00:00,DELIVERED,11-05-2024 00:34,191.05
559,7941,18305628,13-06-2023 00:00,DELIVERED,13-06-2023 00:37,176.88
560,7941,18305628,31-10-2024 00:00,CANCELLED_BY_RESTAURANT,31-10-2024 00:33,125.64
561,7941,58882,16-03-2024 00:00,DELIVERED,16-03-2024 00:37,36.75
562,7941,51040,31-10-2024 00:00,DELIVERED,31-10-2024 00:54,183.72
563,7941,51040,29-12-2023 00:00,DELIVERED,29-12-2023 00:47,80.57
564,7941,58268,25-10-2023 00:00,DELIVERED,25-10-2023 00:39,112.81
565,7941,50943,09-07-2024 00:00,DELIVERED,09-07-2024 01:02,117.76
566,7941,50943,10-04-2023 00:00,DELIVERED,10-04-2023 00:49,46.32
567,7941,18407918,09-09-2023 00:00,DELIVERED,09-09-2023 00:55,44.59
568,7941,50943,31-10-2024 00:00,DELIVERED,31-10-2024 00:35,20.69
569,7941,18305628,31-10-2024 00:00,CANCELLED_BY_USER,31-10-2024 00:20,54.92
570,7941,18305628,31-10-2024 00:00,DELIVERED,31-10-2024 00:50,183.28
571,7941,18221572,01-07-2024 00:00,DELIVERED,01-07-2024 01:03,24.91
572,7941,50943,31-10-2024 00:00,DELIVERED,31-10-2024 00:36,109.97
573,7941,50943,11-10-2023 00:00,DELIVERED,11-10-2023 01:16,145.08
574,7941,58882,14-10-2021 00:00,DELIVERED,14-10-2021 00:31,179.75
575,7941,18221572,31-10-2024 00:00,DELIVERED,31-10-2024 01:01,28.42
576,7941,18305628,31-10-2024 00:00,DELIVERED,31-10-2024 01:02,161.07
577,7941,50943,11-05-2024 00:00,CANCELLED_BY_RESTAURANT,11-05-2024 00:55,137.05
578,9415,101259,15-08-2015 00:00,DELIVERED,15-08-2015 00:20,39.05
579,9415,101884,11-06-2018 00:00,DELIVERED,11-06-2018 00:26,151.58
580,9415,101212,09-10-2022 00:00,DELIVERED,09-10-2022 00:35,80.03
581,9415,102813,23-03-2022 00:00,DELIVERED,23-03-2022 00:58,20.11
582,9415,101212,03-02-2021 00:00,DELIVERED,03-02-2021 00:50,44.71
583,14005,3300369,18-02-2019 00:00,DELIVERED,18-02-2019 01:11,87.34
584,14005,3301169,09-12-2019 00:00,CANCELLED_BY_USER,09-12-2019 00:54,56.13
585,14005,3300107,31-10-2024 00:00,DELIVERED,31-10-2024 00:48,215.74
586,14005,3300107,21-09-2021 00:00,DELIVERED,21-09-2021 00:50,26.61
587,14005,3301169,13-03-2023 00:00,DELIVERED,13-03-2023 00:51,114.45
588,14005,3300107,10-04-2020 00:00,CANCELLED_BY_USER,10-04-2020 01:16,62.16
589,14005,3300061,31-10-2024 00:00,DELIVERED,31-10-2024 01:16,80.49
590,14005,3300107,13-03-2020 00:00,DELIVERED,13-03-2020 01:19,123.72
591,14005,3300107,30-06-2023 00:00,DELIVERED,30-06-2023 00:27,69.95
592,14005,3300707,22-01-2018 00:00,CANCELLED_BY_RESTAURANT,22-01-2018 00:31,47.77
593,14005,3300741,25-04-2018 00:00,DELIVERED,25-04-2018 00:45,46
594,14005,3300707,24-01-2020 00:00,DELIVERED,24-01-2020 00:42,33.53
595,14005,3300949,31-10-2024 00:00,DELIVERED,31-10-2024 00:47,121.06
596,14005,3301013,23-07-2017 00:00,DELIVERED,23-07-2017 00:45,159.76
597,14005,3300949,25-07-2020 00:00,DELIVERED,25-07-2020 00:58,29.05
598,14005,3300041,04-08-2022 00:00,CANCELLED_BY_DELIVERY_PARTNER,04-08-2022 00:55,88.75
599,14005,3301169,26-01-2019 00:00,DELIVERED,26-01-2019 00:23,112.77
600,7703,3300949,14-05-2021 00:00,CANCELLED_BY_USER,14-05-2021 01:08,87.85
601,7703,3301169,01-08-2023 00:00,DELIVERED,01-08-2023 00:44,132.19
602,7703,3300949,06-07-2021 00:00,CANCELLED_BY_USER,06-07-2021 00:46,118.32
603,7703,3300369,31-10-2024 00:00,DELIVERED,31-10-2024 00:43,117.73
604,7703,3300369,08-05-2024 00:00,DELIVERED,08-05-2024 00:49,47.64
605,7703,3300138,06-06-2019 00:00,DELIVERED,06-06-2019 00:45,45.09
606,7703,3300138,27-07-2023 00:00,DELIVERED,27-07-2023 00:46,57.62
607,7703,3300707,10-07-2021 00:00,CANCELLED_BY_USER,10-07-2021 01:04,16.17
608,7703,3300707,09-12-2021 00:00,DELIVERED,09-12-2021 00:46,41.15
609,13314,18270379,31-10-2024 00:00,CANCELLED_BY_DELIVERY_PARTNER,31-10-2024 01:02,99.82
610,13314,18270379,31-10-2024 00:00,DELIVERED,31-10-2024 00:47,37.27
611,5958,206488,01-05-2023 00:00,CANCELLED_BY_DELIVERY_PARTNER,01-05-2023 00:39,102.78
612,5958,210139,31-10-2024 00:00,DELIVERED,31-10-2024 00:48,88.92
613,5958,209654,31-10-2024 00:00,DELIVERED,31-10-2024 00:57,142.35
614,5958,206488,22-09-2023 00:00,DELIVERED,22-09-2023 00:34,69.91
615,5958,210134,11-06-2024 00:00,CANCELLED_BY_RESTAURANT,11-06-2024 00:26,98.17
616,5958,210134,16-05-2021 00:00,DELIVERED,16-05-2021 00:41,44.68
617,5958,206488,31-10-2024 00:00,CANCELLED_BY_DELIVERY_PARTNER,31-10-2024 00:25,25.12
618,5958,210134,31-10-2024 00:00,DELIVERED,31-10-2024 00:27,138.78
619,5958,210139,17-04-2024 00:00,CANCELLED_BY_RESTAURANT,17-04-2024 00:32,45.3
620,5958,209654,31-10-2024 00:00,CANCELLED_BY_RESTAURANT,31-10-2024 00:40,152.87
621,5958,210134,31-10-2024 00:00,CANCELLED_BY_USER,31-10-2024 01:11,85.74
622,5958,209654,21-06-2021 00:00,DELIVERED,21-06-2021 00:42,45.11
623,5958,210134,28-06-2024 00:00,DELIVERED,28-06-2024 00:46,7.69
624,5958,210134,26-02-2022 00:00,CANCELLED_BY_USER,26-02-2022 00:50,59.52
625,5958,202507,31-10-2024 00:00,CANCELLED_BY_USER,31-10-2024 01:13,98.91
626,5958,202507,31-10-2024 00:00,DELIVERED,31-10-2024 00:54,14.08
627,5958,210139,31-10-2024 00:00,CANCELLED_BY_USER,31-10-2024 00:31,75.44
628,5958,208965,04-06-2021 00:00,DELIVERED,04-06-2021 00:35,9.12
629,5958,202507,04-03-2023 00:00,CANCELLED_BY_DELIVERY_PARTNER,04-03-2023 00:42,91.08
630,5958,206488,19-02-2022 00:00,DELIVERED,19-02-2022 00:50,77.95
631,5958,209654,31-10-2024 00:00,DELIVERED,31-10-2024 01:12,34.05
632,10448,3000132,19-02-2021 00:00,DELIVERED,19-02-2021 00:20,17.59
633,11503,122064,04-02-2024 00:00,DELIVERED,04-02-2024 00:53,124.36
634,11503,123010,03-04-2020 00:00,DELIVERED,03-04-2020 00:35,161.26
635,11503,121214,26-09-2024 00:00,DELIVERED,26-09-2024 01:18,56.37
636,11503,122064,31-10-2024 00:00,DELIVERED,31-10-2024 00:39,165.82
637,11503,123010,31-10-2024 00:00,DELIVERED,31-10-2024 00:37,49.18
638,11503,121214,23-05-2024 00:00,CANCELLED_BY_USER,23-05-2024 00:50,159.55
639,11503,121425,24-07-2023 00:00,DELIVERED,24-07-2023 00:49,47.11
640,11503,121214,31-10-2024 00:00,DELIVERED,31-10-2024 00:47,156.21
641,11503,122064,31-10-2024 00:00,DELIVERED,31-10-2024 01:06,44.01
642,12041,121425,31-10-2024 00:00,DELIVERED,31-10-2024 00:40,71.42
643,12041,121214,31-10-2024 00:00,DELIVERED,31-10-2024 01:02,148.91
644,12041,122003,31-10-2024 00:00,DELIVERED,31-10-2024 01:00,229
645,12041,123010,08-10-2023 00:00,DELIVERED,08-10-2023 00:50,28.72
646,12041,122064,22-12-2022 00:00,CANCELLED_BY_USER,22-12-2022 00:32,34.9
647,12041,122003,31-10-2024 00:00,DELIVERED,31-10-2024 01:03,78.79
648,12041,121214,18-03-2022 00:00,DELIVERED,18-03-2022 00:37,143.55
649,12041,122940,06-12-2018 00:00,CANCELLED_BY_USER,06-12-2018 00:40,96.47
650,12041,122003,18-01-2022 00:00,DELIVERED,18-01-2022 01:14,128
651,12041,122064,31-10-2024 00:00,DELIVERED,31-10-2024 01:05,31.16
652,12041,121214,13-01-2022 00:00,DELIVERED,13-01-2022 00:55,75.19
653,12041,121214,31-10-2024 00:00,DELIVERED,31-10-2024 00:47,31.4
654,12041,122940,07-11-2023 00:00,DELIVERED,07-11-2023 00:44,19.78
655,12041,121425,27-04-2021 00:00,DELIVERED,27-04-2021 00:40,88.48
656,2576,210134,31-10-2024 00:00,CANCELLED_BY_RESTAURANT,31-10-2024 01:09,58.68
657,2576,206488,27-09-2019 00:00,DELIVERED,27-09-2019 00:27,10.72
658,2576,210139,31-10-2024 00:00,DELIVERED,31-10-2024 00:42,55.61
659,2576,210134,27-11-2023 00:00,DELIVERED,27-11-2023 01:02,41.35
660,2576,208965,31-10-2024 00:00,CANCELLED_BY_RESTAURANT,31-10-2024 00:29,43.42
661,2576,202507,08-03-2024 00:00,DELIVERED,08-03-2024 00:47,180.38
662,2576,208965,31-10-2024 00:00,DELIVERED,31-10-2024 00:54,113.23
663,2576,208965,09-11-2021 00:00,DELIVERED,09-11-2021 00:37,153.16
664,2576,206488,31-10-2024 00:00,DELIVERED,31-10-2024 00:30,46.21
665,2576,210139,25-07-2022 00:00,CANCELLED_BY_DELIVERY_PARTNER,25-07-2022 01:08,167.79
666,2576,208965,23-10-2024 00:00,DELIVERED,23-10-2024 00:52,19.9
667,2576,202507,09-03-2022 00:00,CANCELLED_BY_USER,09-03-2022 00:42,71.9
668,2576,208965,08-08-2023 00:00,DELIVERED,08-08-2023 00:43,33.71
669,2576,202507,02-12-2020 00:00,DELIVERED,02-12-2020 01:17,229.35
670,2576,209654,31-10-2024 00:00,DELIVERED,31-10-2024 00:39,15.36
671,2576,208965,22-07-2023 00:00,DELIVERED,22-07-2023 00:24,28.52
672,2576,206488,06-11-2022 00:00,DELIVERED,06-11-2022 00:52,56.53
673,2576,208965,31-10-2024 00:00,DELIVERED,31-10-2024 00:32,84.89
674,2576,206488,27-08-2023 00:00,DELIVERED,27-08-2023 00:42,4.49
675,2576,206488,16-03-2022 00:00,DELIVERED,16-03-2022 00:55,49.63
676,2576,202507,31-10-2024 00:00,DELIVERED,31-10-2024 01:02,63.51
677,940,901089,31-10-2024 00:00,CANCELLED_BY_USER,31-10-2024 00:55,3.43
678,940,900524,31-10-2024 00:00,DELIVERED,31-10-2024 01:25,170.75
679,940,901089,19-05-2023 00:00,DELIVERED,19-05-2023 00:27,49.99
680,940,900524,31-10-2024 00:00,DELIVERED,31-10-2024 00:42,143.5
681,940,95304,31-10-2024 00:00,CANCELLED_BY_USER,31-10-2024 00:55,23.14
682,940,901089,31-10-2024 00:00,DELIVERED,31-10-2024 00:40,149.49
683,940,95421,31-10-2024 00:00,CANCELLED_BY_RESTAURANT,31-10-2024 00:53,98.86
684,940,95421,14-02-2023 00:00,DELIVERED,14-02-2023 00:28,71.53
685,940,900524,20-08-2021 00:00,DELIVERED,20-08-2021 00:40,84.44
686,940,900524,15-09-2022 00:00,DELIVERED,15-09-2022 00:54,147.95
687,940,900547,01-10-2024 00:00,DELIVERED,01-10-2024 00:36,31.05
688,940,95421,31-10-2024 00:00,DELIVERED,31-10-2024 00:45,169.68
689,940,900524,31-10-2024 00:00,DELIVERED,31-10-2024 00:52,70
690,940,900524,31-10-2024 00:00,DELIVERED,31-10-2024 01:06,120.87
691,9953,18424018,31-10-2024 00:00,CANCELLED_BY_RESTAURANT,31-10-2024 01:13,39.48
692,9953,18424018,31-10-2024 00:00,DELIVERED,31-10-2024 00:56,120.04
693,9953,18424018,21-05-2022 00:00,DELIVERED,21-05-2022 01:01,143.54
694,9953,18424018,17-02-2020 00:00,DELIVERED,17-02-2020 00:29,81.61
695,9953,18424018,28-09-2023 00:00,DELIVERED,28-09-2023 01:19,208.68
696,9953,18424018,29-03-2024 00:00,DELIVERED,29-03-2024 00:27,127.38
697,9953,18424018,31-10-2024 00:00,DELIVERED,31-10-2024 00:40,87.58
698,9953,18424018,31-10-2024 00:00,DELIVERED,31-10-2024 01:13,87.85
699,9953,18424018,02-11-2019 00:00,DELIVERED,02-11-2019 00:22,44.35
700,9953,18424018,31-05-2020 00:00,DELIVERED,31-05-2020 00:40,21.23
701,9953,18424018,13-07-2021 00:00,DELIVERED,13-07-2021 00:47,26.74
702,9953,18424018,27-09-2024 00:00,DELIVERED,27-09-2024 00:33,58.66
703,9953,18424018,25-01-2023 00:00,DELIVERED,25-01-2023 01:01,54.16
704,9953,18424018,31-10-2024 00:00,DELIVERED,31-10-2024 00:44,92.78
705,9953,18424018,14-11-2023 00:00,CANCELLED_BY_USER,14-11-2023 00:57,9.95
706,9953,18424018,04-10-2018 00:00,DELIVERED,04-10-2018 00:22,29.92
707,9953,18424018,15-08-2022 00:00,CANCELLED_BY_RESTAURANT,15-08-2022 00:20,143.78
708,9953,18424018,06-06-2019 00:00,DELIVERED,06-06-2019 00:43,188.6
709,9953,18424018,31-10-2024 00:00,DELIVERED,31-10-2024 00:50,3.49
710,9953,18424018,01-07-2019 00:00,DELIVERED,01-07-2019 00:46,50.86
711,9953,18424018,10-09-2022 00:00,DELIVERED,10-09-2022 01:10,110.02
712,1888,5600103,31-10-2024 00:00,DELIVERED,31-10-2024 01:03,20.5
713,1888,5601404,31-10-2024 00:00,DELIVERED,31-10-2024 00:45,63.87
714,1888,5601404,31-10-2024 00:00,CANCELLED_BY_RESTAURANT,31-10-2024 00:54,169.59
715,1888,5600701,31-10-2024 00:00,DELIVERED,31-10-2024 00:54,99.83
716,1888,5602751,31-10-2024 00:00,DELIVERED,31-10-2024 00:30,50.78
717,1888,5601521,31-10-2024 00:00,DELIVERED,31-10-2024 00:41,61.26
718,1888,5600959,31-10-2024 00:00,DELIVERED,31-10-2024 00:46,62.93
719,1888,5602586,31-10-2024 00:00,DELIVERED,31-10-2024 00:47,29.87
720,1888,5600959,31-10-2024 00:00,DELIVERED,31-10-2024 00:20,70.43
721,1888,5600701,31-10-2024 00:00,DELIVERED,31-10-2024 01:08,22.23
722,1888,5602586,27-04-2024 00:00,DELIVERED,27-04-2024 00:44,9.47
723,1888,5601521,21-02-2024 00:00,DELIVERED,21-02-2024 01:05,4.51
724,1888,5602586,31-10-2024 00:00,DELIVERED,31-10-2024 01:03,57.89
725,1888,18268134,31-10-2024 00:00,CANCELLED_BY_USER,31-10-2024 00:39,60.48
726,1888,5600457,31-10-2024 00:00,DELIVERED,31-10-2024 01:02,107.8
727,1888,5600424,31-10-2024 00:00,DELIVERED,31-10-2024 00:42,50.67
728,1888,5602586,31-10-2024 00:00,DELIVERED,31-10-2024 00:49,38.96
729,1888,5600424,31-10-2024 00:00,DELIVERED,31-10-2024 00:42,124.91
730,1888,5600457,31-10-2024 00:00,DELIVERED,31-10-2024 01:01,142.44
731,1888,5602586,31-10-2024 00:00,DELIVERED,31-10-2024 00:53,33.18
732,12573,101212,05-09-2019 00:00,DELIVERED,05-09-2019 00:44,17.03
733,12573,101884,15-07-2021 00:00,DELIVERED,15-07-2021 00:50,125.84
734,12573,101259,14-02-2023 00:00,CANCELLED_BY_USER,14-02-2023 00:48,58.42
735,12573,101212,04-09-2024 00:00,DELIVERED,04-09-2024 00:57,43.08
736,12573,101259,31-10-2024 00:00,DELIVERED,31-10-2024 00:42,22.58
737,12573,102867,31-10-2024 00:00,CANCELLED_BY_USER,31-10-2024 00:42,144.05
738,12573,102813,28-07-2017 00:00,DELIVERED,28-07-2017 01:03,79.33
739,12573,102813,14-04-2020 00:00,DELIVERED,14-04-2020 00:48,55.37
740,12573,18209498,07-09-2018 00:00,DELIVERED,07-09-2018 00:51,158.92
741,12573,101259,13-03-2021 00:00,DELIVERED,13-03-2021 01:07,142.74
742,12573,101259,31-10-2024 00:00,DELIVERED,31-10-2024 00:48,125.91
743,12573,18209498,31-10-2024 00:00,DELIVERED,31-10-2024 01:32,24.8
744,12573,102504,07-06-2021 00:00,CANCELLED_BY_RESTAURANT,07-06-2021 00:52,24.3
745,12573,101259,06-07-2023 00:00,DELIVERED,06-07-2023 00:57,16.18
746,12573,101311,31-10-2024 00:00,DELIVERED,31-10-2024 00:56,79.24
747,12573,101884,22-03-2020 00:00,CANCELLED_BY_USER,22-03-2020 01:01,9.83
748,12573,101212,07-09-2023 00:00,DELIVERED,07-09-2023 00:38,22.63
749,12573,102531,13-01-2021 00:00,DELIVERED,13-01-2021 00:51,53.04
750,13263,95304,31-10-2024 00:00,DELIVERED,31-10-2024 00:43,66.88
751,14643,208965,31-10-2024 00:00,DELIVERED,31-10-2024 00:44,54.99
752,14643,206488,31-10-2024 00:00,CANCELLED_BY_RESTAURANT,31-10-2024 00:25,133.96
753,14643,202507,14-04-2023 00:00,DELIVERED,14-04-2023 00:33,113.9
754,14643,206488,09-05-2023 00:00,DELIVERED,09-05-2023 01:27,46.71
755,14643,208965,14-05-2021 00:00,DELIVERED,14-05-2021 00:39,186.73
756,14643,209654,16-01-2021 00:00,DELIVERED,16-01-2021 00:48,229.37
757,14643,210134,02-06-2023 00:00,DELIVERED,02-06-2023 00:55,78.17
758,14643,209654,07-02-2023 00:00,DELIVERED,07-02-2023 00:44,115.68
759,14643,209654,31-10-2024 00:00,DELIVERED,31-10-2024 00:29,45.84
760,14643,210139,31-10-2024 00:00,DELIVERED,31-10-2024 00:37,156.92
761,14643,210139,31-10-2024 00:00,DELIVERED,31-10-2024 01:03,169.33
762,14643,209654,09-09-2023 00:00,DELIVERED,09-09-2023 01:11,89.46
763,14643,210134,25-10-2019 00:00,DELIVERED,25-10-2019 00:53,42.27
764,14643,202507,20-02-2024 00:00,DELIVERED,20-02-2024 00:53,49.54
765,14643,202507,25-09-2022 00:00,DELIVERED,25-09-2022 00:50,164.99
766,14643,210139,31-10-2024 00:00,CANCELLED_BY_USER,31-10-2024 00:38,97.79
767,14643,209654,10-06-2024 00:00,DELIVERED,10-06-2024 00:56,48.51
768,14643,202507,06-04-2023 00:00,CANCELLED_BY_USER,06-04-2023 00:55,48.6
769,14643,206488,19-08-2024 00:00,DELIVERED,19-08-2024 00:44,42.1
770,14643,210134,31-10-2024 00:00,DELIVERED,31-10-2024 00:47,134.76
771,14643,206488,31-10-2024 00:00,DELIVERED,31-10-2024 00:20,197.52
772,14643,206488,31-10-2024 00:00,CANCELLED_BY_RESTAURANT,31-10-2024 00:55,48.32
773,14643,210139,05-07-2024 00:00,DELIVERED,05-07-2024 00:59,60.14
774,14643,202507,12-07-2024 00:00,DELIVERED,12-07-2024 00:20,171.61
775,14643,208965,31-10-2024 00:00,DELIVERED,31-10-2024 01:03,46.77
776,1676,209654,31-10-2024 00:00,DELIVERED,31-10-2024 00:33,115.97
777,1676,209654,31-10-2024 00:00,CANCELLED_BY_USER,31-10-2024 00:41,63.98
778,1676,206488,09-10-2023 00:00,DELIVERED,09-10-2023 01:25,34.99
779,1676,210134,31-10-2024 00:00,CANCELLED_BY_USER,31-10-2024 00:57,27.85
780,1676,208965,31-10-2024 00:00,DELIVERED,31-10-2024 00:43,20.32
781,1676,206488,31-10-2024 00:00,DELIVERED,31-10-2024 00:39,59.23
782,1676,202507,14-10-2022 00:00,DELIVERED,14-10-2022 00:30,247.9
783,1676,202507,31-10-2024 00:00,DELIVERED,31-10-2024 00:39,21.68
784,2861,18235425,31-10-2024 00:00,CANCELLED_BY_USER,31-10-2024 00:44,19.44
785,2861,5700052,31-10-2024 00:00,DELIVERED,31-10-2024 00:53,60.01
786,2861,5700052,01-11-2022 00:00,DELIVERED,01-11-2022 01:07,11.07
787,2861,5704202,09-06-2024 00:00,DELIVERED,09-06-2024 00:52,154.61
788,2861,5704118,31-10-2024 00:00,DELIVERED,31-10-2024 00:59,145.74
789,2861,5700386,14-05-2024 00:00,CANCELLED_BY_RESTAURANT,14-05-2024 00:25,282.74
790,2861,18235425,31-10-2024 00:00,CANCELLED_BY_USER,31-10-2024 00:57,180.65
791,11743,901089,18-08-2023 00:00,DELIVERED,18-08-2023 00:34,32.91
792,11743,95304,17-01-2021 00:00,DELIVERED,17-01-2021 00:53,211.03
793,11743,95421,17-11-2023 00:00,DELIVERED,17-11-2023 00:24,58.01
794,11743,95421,23-03-2018 00:00,DELIVERED,23-03-2018 00:53,7.84
795,11743,901089,18-07-2018 00:00,DELIVERED,18-07-2018 00:30,60.42
796,11743,900547,31-10-2024 00:00,CANCELLED_BY_DELIVERY_PARTNER,31-10-2024 00:27,2.91
797,11743,901089,14-11-2020 00:00,DELIVERED,14-11-2020 00:36,75.53
798,11743,900547,16-09-2020 00:00,DELIVERED,16-09-2020 00:43,7.02
799,11743,95304,10-01-2020 00:00,DELIVERED,10-01-2020 00:49,150.45
800,11743,901089,13-07-2024 00:00,DELIVERED,13-07-2024 01:02,33.4
